id;film_title;description;date
1;Industrial;../fake-data/blob/hipster.txt;2019-12-06T17:35:29
2;Views e-enable Communications;../fake-data/blob/hipster.txt;2019-12-06T20:21:06
3;archive Georgia Aruba;../fake-data/blob/hipster.txt;2019-12-06T14:44:18
4;navigating;../fake-data/blob/hipster.txt;2019-12-06T19:52:14
5;South Georgia and the South Sandwich Islands;../fake-data/blob/hipster.txt;2019-12-06T23:43:27
6;Specialist Home Loan Account;../fake-data/blob/hipster.txt;2019-12-07T07:10:56
7;scalable;../fake-data/blob/hipster.txt;2019-12-07T09:50:23
8;Industrial;../fake-data/blob/hipster.txt;2019-12-07T03:38:40
9;reinvent 24 hour Jewelery;../fake-data/blob/hipster.txt;2019-12-07T09:02:02
10;monitor 1080p Checking Account;../fake-data/blob/hipster.txt;2019-12-06T15:34:30
